{
  "model": "fsiddiqui2/Qwen2.5-7B-Instruct-HotpotQA-Finetuned-10000",
  "dataset": "hotpot_qa",
  "samples": 1000,
  "EM": 19.900000000000002,
  "F1": 30.150459563656163,
  "Avg_RAUQ": 1.7404367915987968
}