{
  "model": "fsiddiqui2/Qwen2.5-7B-Instruct-HotpotQA-Finetuned",
  "dataset": "hotpot_qa",
  "samples": 1000,
  "EM": 18.3,
  "F1": 27.42988096835347,
  "Avg_RAUQ": 1.6994987078905106
}