{
    "model": "fsiddiqui2/Qwen2.5-7B-Instruct-HotpotQA-CoT-Finetuned-10000",
    "samples": 1000,
    "exact_match": 20.8,
    "f1_score": 29.245643216432704,
    "avg_rauq": 1.8943120151758195,
    "format_compliance_rate": 99.8
}