{
  "model": "Qwen/Qwen2.5-7B-Instruct",
  "dataset": "hotpot_qa",
  "samples": 1000,
  "EM": 16.8,
  "F1": 25.729837723336196,
  "Avg_RAUQ": 1.3910520790815353
}