{
  "model": "jxrma/Qwen2.5-7B-RLHF-HotpotQA",
  "dataset": "hotpot_qa",
  "samples": 1000,
  "EM": 20.200000000000003,
  "F1": 30.01604657038869,
  "Avg_RAUQ": 1.7431691384911536
}