{
  "total_samples": 7405,
  "abstention_rate": 41.174881836596896,
  "overall_em": 61.539500337609724,
  "answered_em": 34.61891643709826,
  "answered_count": 4356
}