{
    "model": "fsiddiqui2/Qwen2.5-7B-Instruct-HotpotQA-CoT-Finetuned-1000",
    "samples": 1000,
    "exact_match": 18.099999999999998,
    "f1_score": 26.77611303441329,
    "avg_rauq": 1.8439555881023406,
    "format_compliance_rate": 98.3
}